[{"model": "contenttypes.contenttype", "fields": {"app_label": "admin", "model": "logentry"}}, {"model": "contenttypes.contenttype", "fields": {"app_label": "auth", "model": "permission"}}, {"model": "contenttypes.contenttype", "fields": {"app_label": "auth", "model": "group"}}, {"model": "contenttypes.contenttype", "fields": {"app_label": "contenttypes", "model": "contenttype"}}, {"model": "contenttypes.contenttype", "fields": {"app_label": "sessions", "model": "session"}}, {"model": "contenttypes.contenttype", "fields": {"app_label": "homepage", "model": "user"}}, {"model": "contenttypes.contenttype", "fields": {"app_label": "auctions", "model": "auction"}}, {"model": "contenttypes.contenttype", "fields": {"app_label": "auctions", "model": "bid"}}, {"model": "contenttypes.contenttype", "fields": {"app_label": "auctions", "model": "transaction"}}, {"model": "contenttypes.contenttype", "fields": {"app_label": "notifications", "model": "notification"}}, {"model": "contenttypes.contenttype", "fields": {"app_label": "dutch", "model": "dutchbid"}}, {"model": "contenttypes.contenttype", "fields": {"app_label": "dutch", "model": "dutchauction"}}, {"model": "sessions.session", "pk": "31ge2x2zisugrp2cm59lqihvvt24kzj4", "fields": {"session_data": "MjgzMGUwMGY2MGJmODkzNmYyZjU0MjcyODg2NmQyNzFjMjA0YWEzYjp7Il9hdXRoX3VzZXJfaWQiOiIyIiwiX2F1dGhfdXNlcl9iYWNrZW5kIjoiZGphbmdvLmNvbnRyaWIuYXV0aC5iYWNrZW5kcy5Nb2RlbEJhY2tlbmQiLCJfYXV0aF91c2VyX2hhc2giOiJlMjM0MTQwZGYzZjllMGMwOTAwNWUyYWZhODQzNGUwODY1MTFlYzVhIn0=", "expire_date": "2019-03-26T20:01:15.472Z"}}, {"model": "sessions.session", "pk": "qefd2tlbkrzqc078wp5yai5dqngfqrj2", "fields": {"session_data": "MjgzMGUwMGY2MGJmODkzNmYyZjU0MjcyODg2NmQyNzFjMjA0YWEzYjp7Il9hdXRoX3VzZXJfaWQiOiIyIiwiX2F1dGhfdXNlcl9iYWNrZW5kIjoiZGphbmdvLmNvbnRyaWIuYXV0aC5iYWNrZW5kcy5Nb2RlbEJhY2tlbmQiLCJfYXV0aF91c2VyX2hhc2giOiJlMjM0MTQwZGYzZjllMGMwOTAwNWUyYWZhODQzNGUwODY1MTFlYzVhIn0=", "expire_date": "2019-03-27T18:07:02.687Z"}}, {"model": "sessions.session", "pk": "se3uhqo55ce4z5c4zbunjs2ztsxg2tky", "fields": {"session_data": "N2IyYzIzNzI2ZWI0ZTg2OWUxMjQyZDYyNGY1NzM1MTBjMThjNjM2Nzp7Il9hdXRoX3VzZXJfaWQiOiI1IiwiX2F1dGhfdXNlcl9iYWNrZW5kIjoiZGphbmdvLmNvbnRyaWIuYXV0aC5iYWNrZW5kcy5Nb2RlbEJhY2tlbmQiLCJfYXV0aF91c2VyX2hhc2giOiI1OTFiYWFmNzc2NTkwMTA3OTAzM2Q2YmI1NjVmZDU2NjdiNjJkNmE4In0=", "expire_date": "2019-03-27T01:20:57.761Z"}}, {"model": "sessions.session", "pk": "zt91kyhpq392jyqclvk7gb57hw181mdg", "fields": {"session_data": "MjgzMGUwMGY2MGJmODkzNmYyZjU0MjcyODg2NmQyNzFjMjA0YWEzYjp7Il9hdXRoX3VzZXJfaWQiOiIyIiwiX2F1dGhfdXNlcl9iYWNrZW5kIjoiZGphbmdvLmNvbnRyaWIuYXV0aC5iYWNrZW5kcy5Nb2RlbEJhY2tlbmQiLCJfYXV0aF91c2VyX2hhc2giOiJlMjM0MTQwZGYzZjllMGMwOTAwNWUyYWZhODQzNGUwODY1MTFlYzVhIn0=", "expire_date": "2019-03-27T02:25:04.000Z"}}, {"model": "auth.permission", "fields": {"name": "Can add log entry", "content_type": ["admin", "logentry"], "codename": "add_logentry"}}, {"model": "auth.permission", "fields": {"name": "Can change log entry", "content_type": ["admin", "logentry"], "codename": "change_logentry"}}, {"model": "auth.permission", "fields": {"name": "Can delete log entry", "content_type": ["admin", "logentry"], "codename": "delete_logentry"}}, {"model": "auth.permission", "fields": {"name": "Can view log entry", "content_type": ["admin", "logentry"], "codename": "view_logentry"}}, {"model": "auth.permission", "fields": {"name": "Can add permission", "content_type": ["auth", "permission"], "codename": "add_permission"}}, {"model": "auth.permission", "fields": {"name": "Can change permission", "content_type": ["auth", "permission"], "codename": "change_permission"}}, {"model": "auth.permission", "fields": {"name": "Can delete permission", "content_type": ["auth", "permission"], "codename": "delete_permission"}}, {"model": "auth.permission", "fields": {"name": "Can view permission", "content_type": ["auth", "permission"], "codename": "view_permission"}}, {"model": "auth.permission", "fields": {"name": "Can add group", "content_type": ["auth", "group"], "codename": "add_group"}}, {"model": "auth.permission", "fields": {"name": "Can change group", "content_type": ["auth", "group"], "codename": "change_group"}}, {"model": "auth.permission", "fields": {"name": "Can delete group", "content_type": ["auth", "group"], "codename": "delete_group"}}, {"model": "auth.permission", "fields": {"name": "Can view group", "content_type": ["auth", "group"], "codename": "view_group"}}, {"model": "auth.permission", "fields": {"name": "Can add content type", "content_type": ["contenttypes", "contenttype"], "codename": "add_contenttype"}}, {"model": "auth.permission", "fields": {"name": "Can change content type", "content_type": ["contenttypes", "contenttype"], "codename": "change_contenttype"}}, {"model": "auth.permission", "fields": {"name": "Can delete content type", "content_type": ["contenttypes", "contenttype"], "codename": "delete_contenttype"}}, {"model": "auth.permission", "fields": {"name": "Can view content type", "content_type": ["contenttypes", "contenttype"], "codename": "view_contenttype"}}, {"model": "auth.permission", "fields": {"name": "Can add session", "content_type": ["sessions", "session"], "codename": "add_session"}}, {"model": "auth.permission", "fields": {"name": "Can change session", "content_type": ["sessions", "session"], "codename": "change_session"}}, {"model": "auth.permission", "fields": {"name": "Can delete session", "content_type": ["sessions", "session"], "codename": "delete_session"}}, {"model": "auth.permission", "fields": {"name": "Can view session", "content_type": ["sessions", "session"], "codename": "view_session"}}, {"model": "auth.permission", "fields": {"name": "Can add user", "content_type": ["homepage", "user"], "codename": "add_user"}}, {"model": "auth.permission", "fields": {"name": "Can change user", "content_type": ["homepage", "user"], "codename": "change_user"}}, {"model": "auth.permission", "fields": {"name": "Can delete user", "content_type": ["homepage", "user"], "codename": "delete_user"}}, {"model": "auth.permission", "fields": {"name": "Can view user", "content_type": ["homepage", "user"], "codename": "view_user"}}, {"model": "auth.permission", "fields": {"name": "Can add auction", "content_type": ["auctions", "auction"], "codename": "add_auction"}}, {"model": "auth.permission", "fields": {"name": "Can change auction", "content_type": ["auctions", "auction"], "codename": "change_auction"}}, {"model": "auth.permission", "fields": {"name": "Can delete auction", "content_type": ["auctions", "auction"], "codename": "delete_auction"}}, {"model": "auth.permission", "fields": {"name": "Can view auction", "content_type": ["auctions", "auction"], "codename": "view_auction"}}, {"model": "auth.permission", "fields": {"name": "Can add bid", "content_type": ["auctions", "bid"], "codename": "add_bid"}}, {"model": "auth.permission", "fields": {"name": "Can change bid", "content_type": ["auctions", "bid"], "codename": "change_bid"}}, {"model": "auth.permission", "fields": {"name": "Can delete bid", "content_type": ["auctions", "bid"], "codename": "delete_bid"}}, {"model": "auth.permission", "fields": {"name": "Can view bid", "content_type": ["auctions", "bid"], "codename": "view_bid"}}, {"model": "auth.permission", "fields": {"name": "Can add transaction", "content_type": ["auctions", "transaction"], "codename": "add_transaction"}}, {"model": "auth.permission", "fields": {"name": "Can change transaction", "content_type": ["auctions", "transaction"], "codename": "change_transaction"}}, {"model": "auth.permission", "fields": {"name": "Can delete transaction", "content_type": ["auctions", "transaction"], "codename": "delete_transaction"}}, {"model": "auth.permission", "fields": {"name": "Can view transaction", "content_type": ["auctions", "transaction"], "codename": "view_transaction"}}, {"model": "auth.permission", "fields": {"name": "Can add notification", "content_type": ["notifications", "notification"], "codename": "add_notification"}}, {"model": "auth.permission", "fields": {"name": "Can change notification", "content_type": ["notifications", "notification"], "codename": "change_notification"}}, {"model": "auth.permission", "fields": {"name": "Can delete notification", "content_type": ["notifications", "notification"], "codename": "delete_notification"}}, {"model": "auth.permission", "fields": {"name": "Can view notification", "content_type": ["notifications", "notification"], "codename": "view_notification"}}, {"model": "auth.permission", "fields": {"name": "Can add dutch bid", "content_type": ["dutch", "dutchbid"], "codename": "add_dutchbid"}}, {"model": "auth.permission", "fields": {"name": "Can change dutch bid", "content_type": ["dutch", "dutchbid"], "codename": "change_dutchbid"}}, {"model": "auth.permission", "fields": {"name": "Can delete dutch bid", "content_type": ["dutch", "dutchbid"], "codename": "delete_dutchbid"}}, {"model": "auth.permission", "fields": {"name": "Can view dutch bid", "content_type": ["dutch", "dutchbid"], "codename": "view_dutchbid"}}, {"model": "auth.permission", "fields": {"name": "Can add dutch auction", "content_type": ["dutch", "dutchauction"], "codename": "add_dutchauction"}}, {"model": "auth.permission", "fields": {"name": "Can change dutch auction", "content_type": ["dutch", "dutchauction"], "codename": "change_dutchauction"}}, {"model": "auth.permission", "fields": {"name": "Can delete dutch auction", "content_type": ["dutch", "dutchauction"], "codename": "delete_dutchauction"}}, {"model": "auth.permission", "fields": {"name": "Can view dutch auction", "content_type": ["dutch", "dutchauction"], "codename": "view_dutchauction"}}, {"model": "homepage.user", "fields": {"password": "pbkdf2_sha256$120000$jsXhp7uFvP42$S33pfHz2LvcbB+GkNEVu+Guin9bX8nN9S1e0QcCdxDw=", "last_login": "2019-03-15T08:19:10.572Z", "is_superuser": false, "username": "max", "first_name": "", "last_name": "", "email": "m@v.ca", "is_staff": false, "is_active": true, "date_joined": "2019-03-12T05:45:30.781Z", "name": "Max", "phone": "613-555-555", "member_level": "", "team": 98, "referral_code": "", "groups": [], "user_permissions": []}}, {"model": "homepage.user", "fields": {"password": "pbkdf2_sha256$120000$7Nq6ZCwWyrfK$hwktOOwY66xEMDeaK+pWYxgD8ZkoLlN1yTaBh9mL+bk=", "last_login": "2019-03-15T08:18:50.103Z", "is_superuser": true, "username": "maxadmin", "first_name": "", "last_name": "", "email": "m@g.ca", "is_staff": true, "is_active": true, "date_joined": "2019-03-12T05:53:52.922Z", "name": "", "phone": "613-555-555", "member_level": "", "team": 98, "referral_code": "", "groups": [], "user_permissions": []}}, {"model": "homepage.user", "fields": {"password": "pbkdf2_sha256$120000$yRMD7BFJgLDl$opQQHwDMhyRJgjHTOSm3D5EPIMCIMY7NBeM2d/a1dIc=", "last_login": "2019-03-12T16:24:48.434Z", "is_superuser": false, "username": "Nima", "first_name": "", "last_name": "", "email": "WM@nima.com", "is_staff": false, "is_active": true, "date_joined": "2019-03-12T16:24:31.946Z", "name": "Wasteman", "phone": "613-555-555", "member_level": "", "team": 98, "referral_code": "", "groups": [], "user_permissions": []}}, {"model": "homepage.user", "fields": {"password": "pbkdf2_sha256$120000$HLBE2hh0w6fx$fvR2ocaDDrBe/NC+4PTKRyMDmzBayKhd1cK0VzoKZp8=", "last_login": "2019-03-12T17:54:02.840Z", "is_superuser": false, "username": "Pete", "first_name": "", "last_name": "", "email": "p@g.com", "is_staff": false, "is_active": true, "date_joined": "2019-03-12T17:53:28.531Z", "name": "Pierre the Bear", "phone": "613-555-555", "member_level": "", "team": 98, "referral_code": "", "groups": [], "user_permissions": []}}, {"model": "homepage.user", "fields": {"password": "pbkdf2_sha256$120000$Dvif8COM89el$9DTukDWGfSlSJB3+MZCfkNol1BVC/6JNQYC/d8mc/Dw=", "last_login": "2019-03-13T01:20:57.691Z", "is_superuser": false, "username": "Alessia", "first_name": "", "last_name": "", "email": "m@a.com", "is_staff": false, "is_active": true, "date_joined": "2019-03-13T01:19:27.671Z", "name": "Alessia Miaolo", "phone": "613-555-555", "member_level": "", "team": 50, "referral_code": "", "groups": [], "user_permissions": []}}, {"model": "homepage.user", "fields": {"password": "pbkdf2_sha256$120000$7CDjXFGufMCI$/34BIUbDR7h1e4x812BPiu5wzQf/HtK0Vekirx9xSdQ=", "last_login": null, "is_superuser": false, "username": "maxmax", "first_name": "", "last_name": "", "email": "m@v.ca", "is_staff": false, "is_active": false, "date_joined": "2019-03-13T23:51:15.793Z", "name": "Max", "phone": "613-555-555", "member_level": "", "team": 98, "referral_code": "", "groups": [], "user_permissions": []}}, {"model": "homepage.user", "fields": {"password": "pbkdf2_sha256$120000$vZ14pEDTwNrV$nng/lptE2+dZW3wTpDlkVz07JM4CGxfaeGVzlCBz3/A=", "last_login": null, "is_superuser": false, "username": "TestGus", "first_name": "", "last_name": "", "email": "m@v.ca", "is_staff": false, "is_active": false, "date_joined": "2019-03-14T01:30:26.253Z", "name": "GG", "phone": "613-555-555", "member_level": "", "team": 98, "referral_code": "", "groups": [], "user_permissions": []}}, {"model": "homepage.user", "fields": {"password": "pbkdf2_sha256$120000$gfkERZmpZtVO$8OcjzCpeAw4h0mg8UnNX/MgBwarAAdmupKgU4Ki+bZ0=", "last_login": null, "is_superuser": false, "username": "TestGus2", "first_name": "", "last_name": "", "email": "m@v.ca", "is_staff": false, "is_active": false, "date_joined": "2019-03-14T01:31:34.763Z", "name": "GG", "phone": "613-555-555", "member_level": "", "team": 98, "referral_code": "", "groups": [], "user_permissions": []}}, {"model": "homepage.user", "fields": {"password": "pbkdf2_sha256$120000$BOSmqAHXQ0r3$2nL5v/kH4cFHVGEa3rTCQswn73YpLGaUHcNT17UFy4g=", "last_login": null, "is_superuser": false, "username": "max3", "first_name": "", "last_name": "", "email": "m@v.ca", "is_staff": false, "is_active": false, "date_joined": "2019-03-15T08:18:29.703Z", "name": "Max", "phone": "613-555-555", "member_level": "", "team": 98, "referral_code": "dank", "groups": [], "user_permissions": []}}, {"model": "auctions.auction", "pk": 1, "fields": {"seller": ["max"], "asset_class": "X", "underlying_asset": "X", "grade": 3, "region": "Home", "quantity": 3, "unit_price": "4.6", "buy_it_now_price": "15.5", "high_bid": "92.1", "high_bid_id": null, "closing_date": "2019-03-13T01:46:25.190Z", "opening_date": "2019-03-12T05:46:25.206Z", "status": "HELD", "views": 0}}, {"model": "auctions.auction", "pk": 2, "fields": {"seller": ["Nima"], "asset_class": "Y", "underlying_asset": "Y", "grade": 3, "region": "West", "quantity": 44, "unit_price": "50.0", "buy_it_now_price": "100.0", "high_bid": "50.1", "high_bid_id": null, "closing_date": "2019-03-13T12:25:12.664Z", "opening_date": "2019-03-12T16:25:12.677Z", "status": "HELD", "views": 0}}, {"model": "auctions.auction", "pk": 3, "fields": {"seller": ["Nima"], "asset_class": "Y", "underlying_asset": "Y", "grade": 4, "region": "West", "quantity": 4, "unit_price": "14.0", "buy_it_now_price": "50.0", "high_bid": "14.0", "high_bid_id": null, "closing_date": "2019-03-13T12:58:37.547Z", "opening_date": "2019-03-12T16:58:37.558Z", "status": "HELD", "views": 0}}, {"model": "auctions.auction", "pk": 4, "fields": {"seller": ["Nima"], "asset_class": "Y", "underlying_asset": "Y", "grade": 4, "region": "West", "quantity": 5, "unit_price": "5.0", "buy_it_now_price": "15.0", "high_bid": "5.0", "high_bid_id": null, "closing_date": "2019-03-13T13:04:06.487Z", "opening_date": "2019-03-12T17:04:06.510Z", "status": "HELD", "views": 0}}, {"model": "auctions.auction", "pk": 5, "fields": {"seller": ["Nima"], "asset_class": "PLANT", "underlying_asset": "Y", "grade": 0, "region": "West", "quantity": 1, "unit_price": "10000000.0", "buy_it_now_price": "20000000.0", "high_bid": "10000001.0", "high_bid_id": null, "closing_date": "2019-03-13T13:17:41.662Z", "opening_date": "2019-03-12T17:17:41.676Z", "status": "OPEN", "views": 0}}, {"model": "auctions.auction", "pk": 6, "fields": {"seller": ["Nima"], "asset_class": "X", "underlying_asset": "X", "grade": 4, "region": "West", "quantity": 10, "unit_price": "25.0", "buy_it_now_price": "50.0", "high_bid": "25.0", "high_bid_id": null, "closing_date": "2019-03-13T13:32:15.791Z", "opening_date": "2019-03-12T17:32:15.813Z", "status": "HELD", "views": 0}}, {"model": "auctions.auction", "pk": 7, "fields": {"seller": ["Nima"], "asset_class": "Y", "underlying_asset": "Y", "grade": 4, "region": "West", "quantity": 5000, "unit_price": "40.0", "buy_it_now_price": "60.0", "high_bid": "41.0", "high_bid_id": null, "closing_date": "2019-03-13T13:52:50.636Z", "opening_date": "2019-03-12T17:52:50.655Z", "status": "HELD", "views": 0}}, {"model": "auctions.auction", "pk": 8, "fields": {"seller": ["Pete"], "asset_class": "Y", "underlying_asset": "Y", "grade": 9, "region": "West", "quantity": 1, "unit_price": "100000.0", "buy_it_now_price": "100000.0", "high_bid": "1000000.1", "high_bid_id": null, "closing_date": "2019-03-13T13:56:48.565Z", "opening_date": "2019-03-12T17:56:48.606Z", "status": "HELD", "views": 0}}, {"model": "auctions.auction", "pk": 9, "fields": {"seller": ["Pete"], "asset_class": "Y", "underlying_asset": "Y", "grade": 4, "region": "West", "quantity": 1, "unit_price": "23.0", "buy_it_now_price": "25.0", "high_bid": "23.0", "high_bid_id": null, "closing_date": "2019-03-13T15:56:23.701Z", "opening_date": "2019-03-12T19:56:23.718Z", "status": "HELD", "views": 0}}, {"model": "auctions.auction", "pk": 10, "fields": {"seller": ["maxadmin"], "asset_class": "X", "underlying_asset": "X", "grade": 9, "region": "West", "quantity": 5000, "unit_price": "15.0", "buy_it_now_price": "95.0", "high_bid": "45.1", "high_bid_id": null, "closing_date": "2019-03-13T16:03:31.979Z", "opening_date": "2019-03-12T20:03:32.006Z", "status": "HELD", "views": 0}}, {"model": "auctions.auction", "pk": 11, "fields": {"seller": ["maxadmin"], "asset_class": "X", "underlying_asset": "X", "grade": 3, "region": "West", "quantity": 100, "unit_price": "100.0", "buy_it_now_price": "110.0", "high_bid": "100.1", "high_bid_id": null, "closing_date": "2019-03-14T14:07:15.576Z", "opening_date": "2019-03-13T18:07:15.586Z", "status": "HELD", "views": 0}}, {"model": "auctions.auction", "pk": 12, "fields": {"seller": ["maxadmin"], "asset_class": "X", "underlying_asset": "X", "grade": 4, "region": "East", "quantity": 10000, "unit_price": "30.0", "buy_it_now_price": "45.0", "high_bid": "33.0", "high_bid_id": null, "closing_date": "2019-03-14T14:19:21.127Z", "opening_date": "2019-03-13T18:19:21.158Z", "status": "HELD", "views": 0}}, {"model": "auctions.auction", "pk": 13, "fields": {"seller": ["maxadmin"], "asset_class": "X", "underlying_asset": "X", "grade": 0, "region": "West", "quantity": 10000, "unit_price": "35.0", "buy_it_now_price": "55.0", "high_bid": "35.0", "high_bid_id": null, "closing_date": "2019-03-14T19:19:52.605Z", "opening_date": "2019-03-13T23:19:52.630Z", "status": "OPEN", "views": 0}}, {"model": "auctions.auction", "pk": 14, "fields": {"seller": ["maxadmin"], "asset_class": "X", "underlying_asset": "X", "grade": 4, "region": "West", "quantity": 10000, "unit_price": "65.0", "buy_it_now_price": "76.0", "high_bid": "65.0", "high_bid_id": null, "closing_date": "2019-03-14T19:20:11.545Z", "opening_date": "2019-03-13T23:20:11.548Z", "status": "OPEN", "views": 0}}, {"model": "auctions.auction", "pk": 15, "fields": {"seller": ["maxadmin"], "asset_class": "X", "underlying_asset": "X", "grade": 7, "region": "West", "quantity": 1000000, "unit_price": "100.0", "buy_it_now_price": "150.0", "high_bid": "100.0", "high_bid_id": null, "closing_date": "2019-03-14T19:20:34.388Z", "opening_date": "2019-03-13T23:20:34.393Z", "status": "OPEN", "views": 0}}, {"model": "auctions.auction", "pk": 16, "fields": {"seller": ["maxadmin"], "asset_class": "X", "underlying_asset": "X", "grade": 3, "region": "West", "quantity": 30000, "unit_price": "45.0", "buy_it_now_price": "75.0", "high_bid": "45.0", "high_bid_id": null, "closing_date": "2019-03-14T19:20:45.794Z", "opening_date": "2019-03-13T23:20:45.798Z", "status": "OPEN", "views": 0}}, {"model": "auctions.auction", "pk": 17, "fields": {"seller": ["maxadmin"], "asset_class": "X", "underlying_asset": "X", "grade": 1, "region": "West", "quantity": 1, "unit_price": "1.0", "buy_it_now_price": "1.0", "high_bid": "1.0", "high_bid_id": null, "closing_date": "2019-03-15T03:15:00Z", "opening_date": "2019-03-15T07:03:32.810Z", "status": "OPEN", "views": 0}}, {"model": "auctions.auction", "pk": 18, "fields": {"seller": ["maxadmin"], "asset_class": "X", "underlying_asset": "X", "grade": 1, "region": "West", "quantity": 1, "unit_price": "1.0", "buy_it_now_price": "1.0", "high_bid": "1.0", "high_bid_id": null, "closing_date": "2019-03-15T03:35:00Z", "opening_date": "2019-03-15T07:24:18.865Z", "status": "OPEN", "views": 0}}, {"model": "auctions.auction", "pk": 19, "fields": {"seller": ["maxadmin"], "asset_class": "X", "underlying_asset": "X", "grade": 0, "region": "West", "quantity": 13, "unit_price": "13.0", "buy_it_now_price": "13.0", "high_bid": "13.0", "high_bid_id": null, "closing_date": "2019-03-15T03:35:00Z", "opening_date": "2019-03-15T08:02:38.663Z", "status": "OPEN", "views": 0}}, {"model": "auctions.auction", "pk": 20, "fields": {"seller": ["maxadmin"], "asset_class": "X", "underlying_asset": "X", "grade": 0, "region": "West", "quantity": 13, "unit_price": "13.0", "buy_it_now_price": "14.0", "high_bid": "13.6", "high_bid_id": 1, "closing_date": "2019-03-15T03:35:00Z", "opening_date": "2019-03-15T08:02:46.822Z", "status": "OPEN", "views": 0}}, {"model": "auctions.auction", "pk": 21, "fields": {"seller": ["maxadmin"], "asset_class": "X", "underlying_asset": "X", "grade": 0, "region": "West", "quantity": 13, "unit_price": "13.0", "buy_it_now_price": "14.0", "high_bid": "13.0", "high_bid_id": null, "closing_date": "2019-03-15T03:35:00Z", "opening_date": "2019-03-15T08:03:53.663Z", "status": "OPEN", "views": 0}}, {"model": "auctions.bid", "pk": 1, "fields": {"auction": 1, "bidder": ["max"], "price": "10.0", "shipping": "Ground"}}, {"model": "auctions.bid", "pk": 2, "fields": {"auction": 1, "bidder": ["max"], "price": "10.0", "shipping": "Air"}}, {"model": "auctions.bid", "pk": 3, "fields": {"auction": 1, "bidder": ["max"], "price": "10.0", "shipping": "Air"}}, {"model": "auctions.bid", "pk": 4, "fields": {"auction": 1, "bidder": ["max"], "price": "10.1", "shipping": "Air"}}, {"model": "auctions.bid", "pk": 5, "fields": {"auction": 1, "bidder": ["maxadmin"], "price": "92.0", "shipping": "Air"}}, {"model": "auctions.bid", "pk": 6, "fields": {"auction": 1, "bidder": ["maxadmin"], "price": "92.1", "shipping": "Ground"}}, {"model": "auctions.bid", "pk": 7, "fields": {"auction": 2, "bidder": ["Nima"], "price": "50.1", "shipping": "Ground"}}, {"model": "auctions.bid", "pk": 8, "fields": {"auction": 3, "bidder": ["Nima"], "price": "50.0", "shipping": "Ground"}}, {"model": "auctions.bid", "pk": 9, "fields": {"auction": 2, "bidder": ["Nima"], "price": "100.0", "shipping": "Ground"}}, {"model": "auctions.bid", "pk": 10, "fields": {"auction": 4, "bidder": ["Nima"], "price": "15.0", "shipping": "Ground"}}, {"model": "auctions.bid", "pk": 11, "fields": {"auction": 5, "bidder": ["Nima"], "price": "10000001.0", "shipping": "Ground"}}, {"model": "auctions.bid", "pk": 12, "fields": {"auction": 7, "bidder": ["Nima"], "price": "41.0", "shipping": "Ground"}}, {"model": "auctions.bid", "pk": 13, "fields": {"auction": 7, "bidder": ["Pete"], "price": "60.0", "shipping": "Ground"}}, {"model": "auctions.bid", "pk": 14, "fields": {"auction": 8, "bidder": ["Pete"], "price": "1000000.1", "shipping": "Ground"}}, {"model": "auctions.bid", "pk": 15, "fields": {"auction": 9, "bidder": ["Pete"], "price": "25.0", "shipping": "Ground"}}, {"model": "auctions.bid", "pk": 16, "fields": {"auction": 6, "bidder": ["Pete"], "price": "50.0", "shipping": "Ground"}}, {"model": "auctions.bid", "pk": 17, "fields": {"auction": 6, "bidder": ["Pete"], "price": "50.0", "shipping": "Ground"}}, {"model": "auctions.bid", "pk": 18, "fields": {"auction": 10, "bidder": ["maxadmin"], "price": "45.0", "shipping": "Ground"}}, {"model": "auctions.bid", "pk": 19, "fields": {"auction": 10, "bidder": ["maxadmin"], "price": "45.1", "shipping": "Ground"}}, {"model": "auctions.bid", "pk": 20, "fields": {"auction": 10, "bidder": ["maxadmin"], "price": "95.0", "shipping": "Air"}}, {"model": "auctions.bid", "pk": 21, "fields": {"auction": 11, "bidder": ["maxadmin"], "price": "100.1", "shipping": "Ground"}}, {"model": "auctions.bid", "pk": 22, "fields": {"auction": 11, "bidder": ["maxadmin"], "price": "110.0", "shipping": "Ground"}}, {"model": "auctions.bid", "pk": 23, "fields": {"auction": 12, "bidder": ["maxadmin"], "price": "33.0", "shipping": "Ground"}}, {"model": "auctions.bid", "pk": 24, "fields": {"auction": 12, "bidder": ["maxadmin"], "price": "45.0", "shipping": "Air"}}, {"model": "auctions.bid", "pk": 25, "fields": {"auction": 20, "bidder": ["maxadmin"], "price": "13.1", "shipping": "Ground"}}, {"model": "auctions.bid", "pk": 26, "fields": {"auction": 20, "bidder": ["maxadmin"], "price": "13.5", "shipping": "Ground"}}, {"model": "auctions.bid", "pk": 27, "fields": {"auction": 20, "bidder": ["max"], "price": "13.6", "shipping": "Ground"}}, {"model": "auctions.transaction", "pk": 1, "fields": {"auction": 6, "buyer": ["Pete"], "seller": ["Nima"], "t_status": "Processing", "shipping": "Ground"}}, {"model": "auctions.transaction", "pk": 2, "fields": {"auction": 10, "buyer": ["maxadmin"], "seller": ["maxadmin"], "t_status": "Cleared", "shipping": "Air"}}, {"model": "auctions.transaction", "pk": 3, "fields": {"auction": 11, "buyer": ["maxadmin"], "seller": ["maxadmin"], "t_status": "Processing", "shipping": "Ground"}}, {"model": "auctions.transaction", "pk": 4, "fields": {"auction": 12, "buyer": ["maxadmin"], "seller": ["maxadmin"], "t_status": "Processing", "shipping": "Air"}}, {"model": "notifications.notification", "pk": 1, "fields": {"level": "info", "recipient": ["maxadmin"], "unread": true, "actor_content_type": ["homepage", "user"], "actor_object_id": "2", "verb": "Your bid was accepted!", "description": null, "target_content_type": null, "target_object_id": null, "action_object_content_type": null, "action_object_object_id": null, "timestamp": "2019-03-13T18:07:35.287Z", "public": true, "deleted": false, "emailed": false, "data": null}}, {"model": "notifications.notification", "pk": 2, "fields": {"level": "info", "recipient": ["maxadmin"], "unread": true, "actor_content_type": ["homepage", "user"], "actor_object_id": "2", "verb": "Your bid was accepted!", "description": null, "target_content_type": null, "target_object_id": null, "action_object_content_type": null, "action_object_object_id": null, "timestamp": "2019-03-14T02:05:04.855Z", "public": true, "deleted": false, "emailed": false, "data": null}}, {"model": "notifications.notification", "pk": 3, "fields": {"level": "info", "recipient": ["maxadmin"], "unread": true, "actor_content_type": ["homepage", "user"], "actor_object_id": "2", "verb": "Your bid was accepted!", "description": null, "target_content_type": null, "target_object_id": null, "action_object_content_type": null, "action_object_object_id": null, "timestamp": "2019-03-15T08:04:51.203Z", "public": true, "deleted": false, "emailed": false, "data": null}}, {"model": "notifications.notification", "pk": 4, "fields": {"level": "info", "recipient": ["maxadmin"], "unread": true, "actor_content_type": ["homepage", "user"], "actor_object_id": "2", "verb": "Your bid was accepted!", "description": null, "target_content_type": null, "target_object_id": null, "action_object_content_type": null, "action_object_object_id": null, "timestamp": "2019-03-15T08:14:44.302Z", "public": true, "deleted": false, "emailed": false, "data": null}}, {"model": "notifications.notification", "pk": 5, "fields": {"level": "info", "recipient": ["max"], "unread": true, "actor_content_type": ["homepage", "user"], "actor_object_id": "1", "verb": "Your bid was accepted!", "description": null, "target_content_type": null, "target_object_id": null, "action_object_content_type": null, "action_object_object_id": null, "timestamp": "2019-03-15T08:19:19.781Z", "public": true, "deleted": false, "emailed": false, "data": null}}, {"model": "dutch.dutchbid", "pk": 1, "fields": {"bidder": ["maxadmin"], "bid_price": "2.51"}}, {"model": "dutch.dutchbid", "pk": 2, "fields": {"bidder": ["maxadmin"], "bid_price": "2.52"}}, {"model": "dutch.dutchauction", "pk": 1, "fields": {"bidder": ["maxadmin"], "lead_bid_price": "2.52"}}, {"model": "admin.logentry", "pk": 1, "fields": {"action_time": "2019-03-12T20:06:21.546Z", "user": ["maxadmin"], "content_type": ["auctions", "transaction"], "object_id": "2", "object_repr": "Cleared Transaction between maxadmin and maxadmin) | Transaction ID: 2; Auction: An X auction by maxadmin! Current high bid: 45.1 | Auction ID: 10", "action_flag": 2, "change_message": "[{\"changed\": {\"fields\": [\"t_status\"]}}]"}}, {"model": "admin.logentry", "pk": 2, "fields": {"action_time": "2019-03-14T00:29:13.969Z", "user": ["maxadmin"], "content_type": ["dutch", "dutchauction"], "object_id": "1", "object_repr": "The real auction", "action_flag": 1, "change_message": "[{\"added\": {}}]"}}]